Post id,Date,Post text,Post Link,Impressions,Likes,Engagements,Bookmarks,Shares,New follows,Replies,Reposts,Profile visits,Detail Expands,URL Clicks,Hashtag Clicks,Permalink Clicks
2041149790138818956,"Mon, Apr 6, 2026","@spaceandtech_ Impressive milestone! How far do you think we are from fully autonomous high-altitude welding, and what do you see as the main missing pieces, perception reliability, planning, or safety validation, before this becomes viable without human teleoperation?",https://x.com/nurvai_ai/status/2041149790138818956,8,0,0,0,0,0,0,0,0,0,0,0,0
2041148499345936591,"Mon, Apr 6, 2026","@SciTechera Interesting tension. Do you think the bigger bottleneck becomes capability, or trust and reliability in edge-case scenarios? If Moravec’s paradox still holds, are we underestimating how hard the “simple” hospital tasks actually are?",https://x.com/nurvai_ai/status/2041148499345936591,26,0,0,0,0,0,0,0,0,0,0,0,0
2041145761308500161,"Mon, Apr 6, 2026","@robominyoung Interesting approach. How do you think about risks from LLMs like hallucinations or inconsistent grounding? Do you think a simpler NLP method could achieve similar reward disambiguation, or is the flexibility of LLMs essential here?",https://x.com/nurvai_ai/status/2041145761308500161,11,0,0,0,0,0,0,0,0,0,0,0,0
2041143547617743039,"Mon, Apr 6, 2026","@yining_hong This is interesting as a general way to understand learning. Do you see these three levels as something we should explicitly model in AI systems, or more as a conceptual lens for why approaches like self-supervision and world models seem to work so well?",https://x.com/nurvai_ai/status/2041143547617743039,13,0,0,0,0,0,0,0,0,0,0,0,0
2039761511921471728,"Thu, Apr 2, 2026","@LifeOfTheDance @SchmidhuberAI Great framing. We see this as a recurring pattern in AI. Ideas exist for years, then scale, data, and engineering turn them into something practical.",https://x.com/nurvai_ai/status/2039761511921471728,16,1,3,0,0,0,0,0,1,1,0,0,0
2039751829068898649,"Thu, Apr 2, 2026","@lucagrecoita Interesting to see deployment happening before the software is fully solved. That suggests the hardware supply chain may need to scale ahead of capability. If humanoids do reach meaningful production scale, do you think components like die-cast structural parts become a",https://x.com/nurvai_ai/status/2039751829068898649,140,0,1,1,0,0,0,0,0,1,0,0,0
2039739301135548751,"Thu, Apr 2, 2026","@part_harry_ Reusing and compacting the KV cache during training is an interesting way to push toward more data-efficient learning, especially if in-context learning is already showing that signal can be reused effectively. Do you see this evolving into a shift where training looks less like",https://x.com/nurvai_ai/status/2039739301135548751,45,0,0,0,0,0,0,0,0,0,0,0,0
2039734713171001854,"Thu, Apr 2, 2026","@askalphaxiv If expert paths become more coherent across layers, does MoE start behaving less like dynamic routing and more like specialized subnetworks that tokens move through?",https://x.com/nurvai_ai/status/2039734713171001854,46,0,0,0,0,0,0,0,0,0,0,0,0
2039730643525914882,"Thu, Apr 2, 2026",@MeRTcooking Impressive! Trajectory tracking is a fundamental part of mobile robots. Does it use spline generation? Does it work with any kind of mobile robot?,https://x.com/nurvai_ai/status/2039730643525914882,25,0,1,0,0,0,0,0,1,0,0,0,0
2039730633425994180,"Thu, Apr 2, 2026",@Suryanshti777 Interesting. How is information loss mitigated in large-dimensions problems?,https://x.com/nurvai_ai/status/2039730633425994180,897,0,0,1,0,0,0,0,0,0,0,0,0
2039725439367717297,"Thu, Apr 2, 2026","@letian_fu Interesting to see coding agents evaluated through executable robot behavior instead of just code quality. Does this start shifting robotics progress toward better software abstractions, rather than only better models or hardware?",https://x.com/nurvai_ai/status/2039725439367717297,177,0,5,0,0,1,0,1,2,1,0,0,0
2039407288478253083,"Wed, Apr 1, 2026","This also has implications for data pipelines. If policies can maintain context across time, they can learn from shorter demonstrations, partial trajectories, and fragmented skills. This reduces the need for long, expensive teleoperation sessions and makes large-scale data",https://x.com/nurvai_ai/status/2039407288478253083,27,1,1,0,0,0,0,0,0,0,0,0,0
2039407287408693755,"Wed, Apr 1, 2026","With improved temporal reasoning, robots can better chain together individual skills into multi-step behaviors. This shifts the focus from learning isolated actions to executing structured, real-world tasks where consistency across time matters most.",https://x.com/nurvai_ai/status/2039407287408693755,29,1,2,0,0,0,1,0,0,0,0,0,0
2039407286599184405,"Wed, Apr 1, 2026","To address this, SeedPolicy introduces a self-evolving memory that compresses past observations into a compact latent state. This allows the robot to maintain task context while filtering irrelevant information, enabling more stable long-horizon reasoning without dramatically",https://x.com/nurvai_ai/status/2039407286599184405,7,1,2,0,0,0,1,0,0,0,0,0,0
2039407285668024725,"Wed, Apr 1, 2026","Simply increasing the observation window isn't an effective solution. Longer context quickly becomes computationally expensive and harder to learn from. Instead, the paper argues that what robots need is not more history, but better ways to summarize and retain the most relevant",https://x.com/nurvai_ai/status/2039407285668024725,5,1,2,0,0,0,1,0,0,0,0,0,0
2039407284632093052,"Wed, Apr 1, 2026","Diffusion policies work well for short-horizon manipulation but struggle with long-horizon tasks. As the number of steps increases, robots lose track of task progress, errors accumulate, and performance drops. This highlights a key bottleneck in robotics: executing long sequences",https://x.com/nurvai_ai/status/2039407284632093052,17,1,2,0,0,0,1,0,0,0,0,0,0
2039407283675787544,"Wed, Apr 1, 2026","TL; DR Diffusion policies struggle with long-horizon tasks because they lack memory across time. SeedPolicy introduces a self-evolving memory that helps robots maintain context across multi-step behaviors, improving long-horizon manipulation and enabling learning from shorter,",https://x.com/nurvai_ai/status/2039407283675787544,10,1,2,0,0,0,1,0,0,0,0,0,0
2039407282044203219,"Wed, Apr 1, 2026",For this week's #NurvaiPaperOfTheWeek we read SeedPolicy: Horizon Scaling via Self-Evolving Diffusion Policy for Robot Manipulation Here's what we've learnt from it 👇️ 🧵 https://t.co/wC2Jbm8WQx,https://x.com/nurvai_ai/status/2039407282044203219,56,2,6,0,0,0,1,1,0,2,0,0,0
2039383799637713109,"Wed, Apr 1, 2026","@RobotnikRobots Mobile robots have a wide range of applications, and implementing manipulators in them expands their operational range. Do they use kinematic control, or are dynamics also explored in the simulations?",https://x.com/nurvai_ai/status/2039383799637713109,20,0,0,0,0,0,0,0,0,0,0,0,0
2039383758692831513,"Wed, Apr 1, 2026","@HumanoidRTech @Tesollo_Inc Very interesting! Using an end-effector with a humanoid approach allows for a wider manipulation range, and with sufficient DoF, more complex tasks can be supported. Are you using haptic sensors?",https://x.com/nurvai_ai/status/2039383758692831513,17,0,0,0,0,0,0,0,0,0,0,0,0
2039383708889727346,"Wed, Apr 1, 2026","@wuji_global Small-object manipulation feels like a better proxy for general capability than lifting demos. Do you see progress here coming more from better hardware, or from learning-based control catching up to the precision humans take for granted?",https://x.com/nurvai_ai/status/2039383708889727346,50,0,4,0,0,0,2,0,0,2,0,0,0
2039381087097327725,"Wed, Apr 1, 2026","@NinaDSchick As compute becomes physical infrastructure, does location start becoming a lasting strategic advantage, or will model and algorithm improvements matter more than where the clusters are built?",https://x.com/nurvai_ai/status/2039381087097327725,437,1,2,0,0,0,0,0,1,0,0,0,0
2039378403384603105,"Wed, Apr 1, 2026","@SchmidhuberAI If JEPA and similar approaches have roots going back decades, how much of progress here is actually new ideas versus finally having the compute and scale to make them work in practice?",https://x.com/nurvai_ai/status/2039378403384603105,1135,3,16,0,0,0,1,0,2,10,0,0,0
2039376325425668193,"Wed, Apr 1, 2026","@AlphaSignalAI If OCR starts looking more like inverse rendering, does this push document understanding closer to a vision problem than a language problem?",https://x.com/nurvai_ai/status/2039376325425668193,21,0,0,0,0,0,0,0,0,0,0,0,0
2039052440809382260,"Tue, Mar 31, 2026",@DramaAlert Nurvais' team without breakfast and coffee,https://x.com/nurvai_ai/status/2039052440809382260,32,1,3,0,0,0,0,0,1,1,0,0,0
2039052355358912855,"Tue, Mar 31, 2026","@XRoboHub This is a great addition to cleaning robots, the use of manipulators allows them to reach surfaces that are not easily accessible to a conventional cleaning robot. SCARAs are a great choice for this type of approach. Great work!",https://x.com/nurvai_ai/status/2039052355358912855,14,1,1,0,0,0,0,0,0,0,0,0,0
2039052150391611479,"Tue, Mar 31, 2026","@WevolverApp Very interesting! Teleoperation is not only a crucial aspect of robot training, but it also opens up many possibilities in fields like remote work. Excited to see more of this paradigm.",https://x.com/nurvai_ai/status/2039052150391611479,75,1,1,0,0,0,0,0,0,0,0,0,0
2039029032583381089,"Tue, Mar 31, 2026","This week as our #NurvaiResearcherOfTheWeek we'd like to highlight @HaoL1R and the team behind UMI-Underwater Really interesting approach to land-to-water generalization. The system uses a single on-land goal image, then autonomously finds and grasps the same object underwater.",https://x.com/nurvai_ai/status/2039029032583381089,67,0,2,0,0,0,0,0,2,0,0,0,0
2039025480154652836,"Tue, Mar 31, 2026","@jiqizhixin Cost-effective evaluation and improvement is clearly valuable, but transfer is the real test. How well do policies trained in imagined rollouts hold up when perception is noisy, contacts are messy, and the environment isn’t structured?",https://x.com/nurvai_ai/status/2039025480154652836,89,1,4,0,0,0,0,0,2,1,0,0,0
2039025452849696876,"Tue, Mar 31, 2026","@janz1zka Models keep getting built to try to bridge the data moat. Every few months we see approaches that claim to need less data. Coordinated efforts like this change that dynamic. If data becomes broadly available, the incentive shifts away from data-efficient tricks and toward",https://x.com/nurvai_ai/status/2039025452849696876,47,0,0,0,0,0,0,0,0,0,0,0,0
2039025205415166187,"Tue, Mar 31, 2026","@NVIDIARobotics Scaling sim infrastructure makes it easier to keep improving models, but the sim-to-real gap still decides how much of that progress transfers. How are teams thinking about mixing real-world and simulated data to help bridge that gap?",https://x.com/nurvai_ai/status/2039025205415166187,172,0,1,0,0,0,0,0,1,0,0,0,0
2039005700341289424,"Tue, Mar 31, 2026","@WevolverApp Variations over the usual design for end effectors are cool, however, the world in which robots will live is designed for the human form factor. What tasks would this kind of end effector be better suited for than a more human-like hand?",https://x.com/nurvai_ai/status/2039005700341289424,15,0,0,0,0,0,0,0,0,0,0,0,0
2038669186491089127,"Mon, Mar 30, 2026",@Siemens Impressive! This type of feedback is a great way to solve one of the biggest problems with robotic manipulators: object deformation. What kind of sensors does it use?,https://x.com/nurvai_ai/status/2038669186491089127,16,0,0,0,0,0,0,0,0,0,0,0,0
2038669132040687823,"Mon, Mar 30, 2026",@IlirAliu_ External disturbances are one of the main causes of failure when a robot operates in the real world; proposing a more robust dynamics approach is a significant step forward. Great work!,https://x.com/nurvai_ai/status/2038669132040687823,51,0,0,0,0,0,0,0,0,0,0,0,0
2038636612037345638,"Mon, Mar 30, 2026",@XRoboHub This is the part that often gets overlooked. Building robots is hard. Scaling manufacturing is even harder. Production lines like this are what turn robotics progress into real-world adoption.,https://x.com/nurvai_ai/status/2038636612037345638,39,0,0,0,0,0,0,0,0,0,0,0,0
2038635198514884655,"Mon, Mar 30, 2026",@HaoL1R This is a really interesting direction. Underwater manipulation is especially hard due to perception shifts and limited data. Using UMI-style data collection with zero-shot transfer feels like a very pragmatic way to scale robotics to harder environments.,https://x.com/nurvai_ai/status/2038635198514884655,44,1,2,0,0,0,0,0,0,1,0,0,0
2038634325290176956,"Mon, Mar 30, 2026","@alysha_lobo This is a great example of Moravec's Paradox in action. It really highlights how much of robotics progress now depends on better data, sensing, and real-world experience.",https://x.com/nurvai_ai/status/2038634325290176956,42,0,1,0,0,0,0,0,1,0,0,0,0
2038633778956964153,"Mon, Mar 30, 2026",@robotsdigest Not committing too early is a powerful idea. Many robotic failures come from small early errors that cascade. Iterative action refinement feels like a natural step toward more robust long-horizon manipulation.,https://x.com/nurvai_ai/status/2038633778956964153,29,0,0,0,0,0,0,0,0,0,0,0,0
2037658011305496742,"Fri, Mar 27, 2026","@TypeOneFuture @KIRI_Engine_App Yup, what’s exciting now is we’re moving from passive perception to actionable: systems don’t just “see” anymore, they can reason about space, distance, and interaction in real time.",https://x.com/nurvai_ai/status/2037658011305496742,12,0,0,0,0,0,0,0,0,0,0,0,0
2037604257109557535,"Fri, Mar 27, 2026",@KIRI_Engine_App Impressive! Depth in space is a key factor when bringing robotics to the real world; this can be a significant contribution to the industry. Glad to see tools like this.,https://x.com/nurvai_ai/status/2037604257109557535,158,0,10,0,0,0,2,0,0,8,0,0,0
2037604219608236268,"Fri, Mar 27, 2026","@Ronald_vanLoon @nvidiaomniverse Omni-movement in humanoids is a great implementation, as it not only inspires but also improves the mechanics of movement and optimizes industrial processes. This is a step in the right direction.",https://x.com/nurvai_ai/status/2037604219608236268,21,0,0,0,0,0,0,0,0,0,0,0,0
2037525434691211423,"Fri, Mar 27, 2026",@SkildAI Interesting to see robustness emerging from large-scale training. Handling disturbances is critical for long-horizon manipulation and real-world deployment. Systems that can adapt on the fly are much closer to practical automation.,https://x.com/nurvai_ai/status/2037525434691211423,305,0,0,0,0,0,0,0,0,0,0,0,0
2037524185786786165,"Fri, Mar 27, 2026",@humanoidsdaily This really puts into perspective how much development there has been in the field of robotics. It's important to remember how we started to appreciate how far we've come.,https://x.com/nurvai_ai/status/2037524185786786165,54,1,1,0,0,0,0,0,0,0,0,0,0
2037523155997122674,"Fri, Mar 27, 2026",@s_wistreich Making tactile sensing conformable and easier to deploy across different robot morphologies is huge. Hardware accessibility has been one of the biggest barriers to scaling contact-rich manipulation. Open-sourcing designs like this could really help accelerate data collection and,https://x.com/nurvai_ai/status/2037523155997122674,126,1,2,0,0,0,0,0,1,0,0,0,0
2037520409764024488,"Fri, Mar 27, 2026","@IlirAliu_ Great point. Teleoperation really exposes how sensitive robotics is to latency and jitter. What works for human communication does not necessarily translate to precise control. It is easy to focus on models, but networking, infrastructure, and system design often end up being",https://x.com/nurvai_ai/status/2037520409764024488,320,0,4,0,0,0,0,0,2,2,0,0,0
2037208735907447067,"Thu, Mar 26, 2026","@Hojung_Choi_ That's great! Using torque/force sensors will prevent deformation of the objects being handled, and will also allow for safe and cooperative work with humans. This kind of implementation is a step in the right direction!",https://x.com/nurvai_ai/status/2037208735907447067,11,0,0,0,0,0,0,0,0,0,0,0,0
2037205665630867629,"Thu, Mar 26, 2026",@Ronald_vanLoon @TXInstruments Tha's a good bot. Can it play dead?,https://x.com/nurvai_ai/status/2037205665630867629,10,0,0,0,0,0,0,0,0,0,0,0,0
2037180533914906777,"Thu, Mar 26, 2026",This week's #NurvaiPaperOfTheWeek got us thinking: What is the main bottleneck for dexterous robot manipulation? What are your thoughts?,https://x.com/nurvai_ai/status/2037180533914906777,112,2,7,0,0,0,0,0,0,4,0,0,0
2037163426380701834,"Thu, Mar 26, 2026",@binghao_huang Making this cheap and easy to build is huge. Access to tactile sensing has been a major bottleneck for many manipulation tasks. Lowering the barrier here is a big step toward better data collection and more reliable complex object manipulation.,https://x.com/nurvai_ai/status/2037163426380701834,98,1,2,0,0,0,0,0,1,0,0,0,0
2037161095442387176,"Thu, Mar 26, 2026",@fogoros Interesting direction. Connecting engineering specs directly to robot behavior could help close the gap between deployment and debugging. Moving from reactive fixes to informed corrections based on system constraints feels like an important step for reliable automation.,https://x.com/nurvai_ai/status/2037161095442387176,11,0,0,0,0,0,0,0,0,0,0,0,0
2037159346912604393,"Thu, Mar 26, 2026",@junli_r84995 Running this outdoors is honestly the most impressive part. Doing this with fully onboard perception and no external cameras or MoCap is a big step toward more adaptable robots that can operate outside controlled environments.,https://x.com/nurvai_ai/status/2037159346912604393,662,2,4,0,0,0,0,0,1,1,0,0,0
2036866707625521509,"Wed, Mar 25, 2026","@Ronald_vanLoon @WevolverApp Changing the design of grippers is a great practice. Using this type of soft gripper could prevent damage to the material during handling, as well as save on pressure sensors. It's good to see these kinds of proposals.",https://x.com/nurvai_ai/status/2036866707625521509,14,0,1,0,0,0,0,0,1,0,0,0,0
2036866657033814419,"Wed, Mar 25, 2026",@XiaomengXu11 Using a mobile base instead of two legs is a great alternative. This type of base allows for easier mechanical navigation on a flat surface. Did you use omnidirectional wheels for movement?,https://x.com/nurvai_ai/status/2036866657033814419,220,0,4,0,0,0,1,0,1,2,0,0,0
2036852248232259873,"Wed, Mar 25, 2026","If general dexterity requires continuous, contact rich interaction, then data collection setups should aim to capture these behaviors. Designing tasks that naturally generate rich dexterous data may be key to scaling robot learning. Read the full paper here:",https://x.com/nurvai_ai/status/2036852248232259873,56,0,0,0,0,0,0,0,0,0,0,0,0
2036852247221444929,"Wed, Mar 25, 2026","From a data perspective, drumming naturally generates dense dexterous interaction with repeated contacts, long horizon sequences, and fine motor adjustments. This type of behavior is still underrepresented in most robot datasets, which tend to focus on short horizon pick and",https://x.com/nurvai_ai/status/2036852247221444929,54,1,2,0,0,0,1,0,0,0,0,0,0
2036852246369997057,"Wed, Mar 25, 2026","The system is trained in simulation and transferred to real hardware, showing up to 1.87x improvement over fixed grasp baselines and successful multi drum sequences. These results are notable given the difficulty of sim to real transfer in contact rich dexterity tasks.",https://x.com/nurvai_ai/status/2036852246369997057,11,0,1,0,0,0,1,0,0,0,0,0,0
2036852244667109513,"Wed, Mar 25, 2026","DexDrummer proposes robot drumming as a unified benchmark for dexterous manipulation. Drumming naturally requires in hand control, repeated contact, precise timing, and coordination across multiple targets. To tackle this, the paper introduces a hierarchical approach that https://t.co/SN8zXhjBbV",https://x.com/nurvai_ai/status/2036852244667109513,10,0,1,0,0,0,1,0,0,0,0,0,0
2036852243756916841,"Wed, Mar 25, 2026","A major challenge is that most dexterity benchmarks isolate one difficulty at a time, such as in hand manipulation, contact rich interaction, or long horizon control. Real world tasks combine all three, which makes it difficult to evaluate whether current approaches actually",https://x.com/nurvai_ai/status/2036852243756916841,10,0,1,0,0,0,1,0,0,0,0,0,0
2036852242888720879,"Wed, Mar 25, 2026","Dexterous manipulation is key to making robots useful in real world environments. Tasks like assembly, tool use, cooking, and household assistance all require precise, continuous interaction with objects. While robots have improved in structured pick and place settings, achieving",https://x.com/nurvai_ai/status/2036852242888720879,8,0,1,0,0,0,1,0,0,0,0,0,0
2036852242028920867,"Wed, Mar 25, 2026","TL; DR Most dexterity benchmarks isolate one difficulty at a time: in-hand manipulation, contact-rich interaction, or long-horizon control. DexDrummer proposes robot drumming as a unified benchmark that requires all three simultaneously and introduces a hierarchical approach",https://x.com/nurvai_ai/status/2036852242028920867,12,0,1,0,0,0,1,0,0,0,0,0,0
2036852240737075704,"Wed, Mar 25, 2026","For this week's #NurvaiPaperOfTheWeek we read DexDrummer: In-Hand, Contact-Rich, and Long-Horizon Dexterous Robot Drumming Here's what we've learnt from it 👇️ 🧵 https://t.co/bXX3yoZ8cr",https://x.com/nurvai_ai/status/2036852240737075704,74,6,12,0,0,0,1,0,0,5,0,0,0
2036802629238497768,"Wed, Mar 25, 2026","@hungchiehfang @amberxie_ @jenngrannen @DorsaSadigh Very cool benchmark. Drumming pushes dexterity, timing, and contact handling all at once. The hierarchical policy with low-level residual corrections seems particularly well suited for these fast, contact-rich interactions. Excited to see this extended to more complex",https://x.com/nurvai_ai/status/2036802629238497768,38,1,5,0,0,0,0,0,3,1,0,0,0
2036799575495745720,"Wed, Mar 25, 2026",@VectorWang2 Very interesting. Using real-time real2sim as a world model feels like a promising alternative to handcrafted simulation. The key question is how well these models handle contact dynamics and rare failure cases.,https://x.com/nurvai_ai/status/2036799575495745720,59,1,4,0,0,0,0,0,2,1,0,0,0
2036798380798550082,"Wed, Mar 25, 2026","@natashamalpani Completely agree. In practice, collecting robot data involves dealing with hardware failures, unstable deployments, operator variability, and changing environments. Scaling robotics data is as much about operations as it is about AI.",https://x.com/nurvai_ai/status/2036798380798550082,153,1,4,0,0,1,1,0,1,0,0,0,0
2036502210100502985,"Tue, Mar 24, 2026",@juanbuis What do robots “eat”? The answer is data.,https://x.com/nurvai_ai/status/2036502210100502985,14,1,1,0,0,0,0,0,0,0,0,0,0
2036501897046270430,"Tue, Mar 24, 2026","@Neuracore_AI Impressive work. Enabling robots to better understand real-world physics is a major step forward. Advancements in dynamic control like this are key as systems become more capable. As progress continues, access to diverse, high-quality data becomes increasingly important. Always",https://x.com/nurvai_ai/status/2036501897046270430,21,0,2,0,0,0,0,0,0,2,0,0,0
2036460320613351801,"Tue, Mar 24, 2026","This week as our #NurvaiResearcherOfTheWeek we'd like to highlight @liuziwei7 and the team behind #MoTok Really interesting approach to separating high-level intent from low-level control. Tokens handle planning, while diffusion models handle execution, leading to more",https://x.com/nurvai_ai/status/2036460320613351801,2534,22,77,13,0,1,1,3,13,36,0,1,0
2036437234174267447,"Tue, Mar 24, 2026","@mikekalilmfg Nice work. Tasks like pipetting and tube handling are deceptively hard. Small errors compound quickly. Curious how robust this is across variability in samples, tools, and lab conditions.",https://x.com/nurvai_ai/status/2036437234174267447,29,1,2,0,0,0,0,0,0,1,0,0,0
2036436075652985168,"Tue, Mar 24, 2026","@XRoboHub Interesting deployment. Logistics is one of the few environments where autonomy can actually scale quickly if reliability is there. Moving from rigid automation to adaptive systems is a big shift, but consistency under real warehouse variability will be the real test.",https://x.com/nurvai_ai/status/2036436075652985168,37,0,2,0,0,1,0,0,1,0,0,0,0
2036433647499153524,"Tue, Mar 24, 2026",@rsasaki0109 Very cool. Deformables are a different level of difficulty. Good to see more tooling around this.,https://x.com/nurvai_ai/status/2036433647499153524,52,0,0,0,0,0,0,0,0,0,0,0,0
2036432884609732720,"Tue, Mar 24, 2026",@ZakharovSergeyN Nice. Reliable localization in complex environments is still harder than it looks. Open-sourcing cuVSLAM should help push more real-world deployments.,https://x.com/nurvai_ai/status/2036432884609732720,242,0,2,0,0,0,0,0,2,0,0,0,0
2036076063206342860,"Mon, Mar 23, 2026","@TheHumanoidHub Interesting deployment. Human-robot collaboration like this feels like the right path for real-world adoption. These environments are messy and unpredictable, so that real-world feedback loop will be key.",https://x.com/nurvai_ai/status/2036076063206342860,43,0,0,0,0,0,0,0,0,0,0,0,0
2036073157669408864,"Mon, Mar 23, 2026",@ruthwikdasyam @dimensionalos Interesting setup. Natural teleop loops are key for collecting high-quality interaction data. Scaling this across robots could be really valuable.,https://x.com/nurvai_ai/status/2036073157669408864,52,1,1,0,0,0,0,0,0,0,0,0,0
2036071924451672326,"Mon, Mar 23, 2026","@OopsGuess Agreed. Vision gets most of the attention, but contact is where real-world performance is decided. Without good tactile feedback, a lot of these systems fall apart.",https://x.com/nurvai_ai/status/2036071924451672326,45,1,1,0,0,0,0,0,0,0,0,0,0
2036071163328127438,"Mon, Mar 23, 2026",@liuziwei7 Nice work. Treating motion as a tokenizable latent space while retaining continuous dynamics is a really interesting design choice. Bridging semantic conditions with executable trajectories has been a missing piece in a lot of pipelines.,https://x.com/nurvai_ai/status/2036071163328127438,92,1,2,0,0,0,0,0,0,1,0,0,0
2034985179681325263,"Fri, Mar 20, 2026",@allen_ai Really solid work. Evaluation fragmentation has been a real issue in VLA research.Standardizing interfaces and making results reproducible across benchmarks is a big step forward.,https://x.com/nurvai_ai/status/2034985179681325263,58,0,1,1,0,0,0,0,1,0,0,0,0
2034982498153660854,"Fri, Mar 20, 2026",@op45_indian @rai_inst Interesting result. Fixing the noise instead of resampling every step is a surprisingly simple change for that kind of gain. Curious what this says about how much of the policy performance is tied to specific latent trajectories.,https://x.com/nurvai_ai/status/2034982498153660854,157,1,4,0,0,0,0,0,2,1,0,0,0
2034981871210070458,"Fri, Mar 20, 2026",@physical_int Interesting approach. Using RL to refine only the most sensitive stages makes a lot of sense from a data efficiency standpoint. Targeting those failure-prone steps is probably where the biggest gains are.,https://x.com/nurvai_ai/status/2034981871210070458,1133,3,9,1,0,0,0,0,4,2,0,0,0
2034710556582564341,"Thu, Mar 19, 2026",@MengmiZhang We surely will!,https://x.com/nurvai_ai/status/2034710556582564341,3,0,0,0,0,0,0,0,0,0,0,0,0
2034636343133835407,"Thu, Mar 19, 2026",This week's #NurvaiPaperOfTheWeek got us thinking: What is the main bottleneck to scaling humanoid robotics? What do you think?,https://x.com/nurvai_ai/status/2034636343133835407,123,2,7,0,0,0,0,0,0,4,0,0,0
2034628764760514761,"Thu, Mar 19, 2026",@WevolverApp Interesting work. Dual-arm coordination with compliance is where things start to look much closer to real-world handling. The challenge is making this level of adaptability hold across different objects and environments.,https://x.com/nurvai_ai/status/2034628764760514761,14,0,0,0,0,0,0,0,0,0,0,0,0
2034628262857462218,"Thu, Mar 19, 2026","@liuziwei7 Interesting direction. Unifying understanding, generation, and prediction in a single world model makes sense conceptually. Curious how well it holds up in longer, less structured real-world sequences.",https://x.com/nurvai_ai/status/2034628262857462218,31,0,2,0,0,0,0,0,1,1,0,0,0
2034626748394971369,"Thu, Mar 19, 2026","@TechBuzzChina Interesting data points. The cost and payback improvements are definitely moving in the right direction. The real question is whether reliability in less structured environments can catch up, 8–12% fault rates are still a big gap compared to traditional automation.",https://x.com/nurvai_ai/status/2034626748394971369,78,0,1,0,0,0,0,0,1,0,0,0,0
2034621342427828438,"Thu, Mar 19, 2026","@off_jangir Nice work. Evaluation definitely needs to scale alongside capabilities. Curious how much fidelity is retained in the real-to-sim translation, since small mismatches there can heavily impact conclusions.",https://x.com/nurvai_ai/status/2034621342427828438,118,1,1,0,0,0,0,0,0,0,0,0,0
2034330732303114545,"Wed, Mar 18, 2026","It’s an interesting contrast to approaches that lean on human data for scaling, and raises a broader question around what the right data abstraction for robotics should be. Read the full paper here: https://t.co/4oeEmWuOKE",https://x.com/nurvai_ai/status/2034330732303114545,56,1,3,0,0,0,0,0,0,2,0,0,0
2034330731485241821,"Wed, Mar 18, 2026","What stands out is the shift in perspective: instead of scaling data across domains, the paper argues for scaling within the correct embodiment. This suggests that, for humanoids, respecting the underlying physics and constraints may matter more than simply increasing dataset",https://x.com/nurvai_ai/status/2034330731485241821,60,1,2,0,0,0,1,0,0,0,0,0,0
2034330730575085655,"Wed, Mar 18, 2026","The goal is not just to perform isolated skills, but to build a generalizable control policy that can handle combined tasks and adapt across different scenarios.",https://x.com/nurvai_ai/status/2034330730575085655,10,0,1,0,0,0,1,0,0,0,0,0,0
2034330729715237300,"Wed, Mar 18, 2026","The paper introduces Ψ0 (psi zero) , an open foundation model for humanoid loco-manipulation, as a proposed solution to this issue. Rather than relying on large amounts of human data, the approach focuses on learning directly within the robot’s embodiment space, training a",https://x.com/nurvai_ai/status/2034330729715237300,14,0,1,0,0,0,1,0,0,0,0,0,0
2034330728800858560,"Wed, Mar 18, 2026","This is a real issue because humanoids need to solve loco-manipulation problems (like walking while interacting with objects) and if data scaling doesn't work due to embodiment mismatch you can't ""ImageNet"" your way into solving this issue. And VLA pipelines hit a cieling.",https://x.com/nurvai_ai/status/2034330728800858560,7,0,1,0,0,0,1,0,0,0,0,0,0
2034330727936860393,"Wed, Mar 18, 2026","Current approaches to robot control try to combine humanoid data and human data in training. However this carries an issue of embodiment mismatch because human motion differs in constraints, kinematics and actuation. This mismatch makes training inefficient.",https://x.com/nurvai_ai/status/2034330727936860393,13,0,1,0,0,0,1,0,0,0,0,0,0
2034330726930260078,"Wed, Mar 18, 2026","TL; DR Mixing human and humanoid data creates an embodiment mismatch that limits how well robot control can scale. Ψ₀ proposes a different approach: train a foundation model directly in the robot’s embodiment space, learning loco-manipulation as a unified problem. The key idea",https://x.com/nurvai_ai/status/2034330726930260078,13,0,2,0,0,0,1,0,0,1,0,0,0
2034330725458018393,"Wed, Mar 18, 2026",For this week's #NurvaiPaperOfTheWeek we read: Ψ0: An Open Foundation Model Towards Universal Humanoid Loco-Manipulation Here's what we've learnt from it 👇️ 🧵 https://t.co/Rh79orSEBP,https://x.com/nurvai_ai/status/2034330725458018393,82,3,8,1,0,0,1,0,0,4,0,0,0
2034265271720874052,"Wed, Mar 18, 2026","@NVIDIARobotics Interesting direction. The generalist–specialist framing makes sense, especially for real-world deployment where both adaptability and reliability matter. The challenge will be making sure these systems stay robust as they scale outside controlled environments.",https://x.com/nurvai_ai/status/2034265271720874052,185,1,1,0,0,0,0,0,0,0,0,0,0
2034264745763635466,"Wed, Mar 18, 2026",@MengmiZhang Very interesting. Learning priors without labels or language suggests the structure in the data itself is doing most of the work. Would be interesting to see how this behaves under real-world noise and long-tail distributions.,https://x.com/nurvai_ai/status/2034264745763635466,134,1,4,0,0,1,1,0,1,0,0,0,0
2034263838544044074,"Wed, Mar 18, 2026",@christos_ziakas Interesting idea. Video planners often look right but break on physics. This feels like a solid way to ground them. Curious how it scales to more complex tasks.,https://x.com/nurvai_ai/status/2034263838544044074,223,1,1,0,0,0,0,0,0,0,0,0,0
2034259502053081581,"Wed, Mar 18, 2026","@BrianRoemmele Very impressive. Tasks like screwing and wire handling are where manipulation really gets hard—contact-rich, precise, and unforgiving. Great to see tactile feedback playing a bigger role here.",https://x.com/nurvai_ai/status/2034259502053081581,21,1,2,0,0,0,0,0,1,0,0,0,0
2033945857075372133,"Tue, Mar 17, 2026",This week as our #NurvaiResearcherOfTheWeek we'd like to highlight @chelseabfinn and the team behind Data Analogies. Really insightful work on data structuring for cross-embodiment learning. Approaches like this could be key for scaling robot datasets. One key takeaway for us,https://x.com/nurvai_ai/status/2033945857075372133,95,1,3,0,0,0,0,0,0,2,0,0,0
2033902219687309388,"Tue, Mar 17, 2026","@linuxfoundation Impressive release. Better physics simulation, especially for contacts and deformables, is a big step forward for robot learning. Bridging the gap to real-world behavior will be exciting to watch.",https://x.com/nurvai_ai/status/2033902219687309388,125,0,1,0,0,0,0,0,1,0,0,0,0
2033900986385719450,"Tue, Mar 17, 2026","@BrianRoemmele @physical_int Impressive progress. Reducing training cost and time this much is huge. As iteration speeds up, access to high-quality real-world data becomes even more critical. Always happy to connect if more data is useful.",https://x.com/nurvai_ai/status/2033900986385719450,2,0,0,0,0,0,0,0,0,0,0,0,0
2033899460779184128,"Tue, Mar 17, 2026",@chelseabfinn @DorsaSadigh @StanfordAILab Interesting result. It’s a nice reminder that structure in the data (like pairing across embodiments) can matter just as much as raw diversity. Curious how this tradeoff evolves as datasets scale further.,https://x.com/nurvai_ai/status/2033899460779184128,88,0,0,0,0,0,0,0,0,0,0,0,0
2033897700811223120,"Tue, Mar 17, 2026","@GeneralistAI @Universal_Robot Impressive demo! Great to see systems like this running in real time on industrial hardware. Still room to improve robustness, but definitely a solid step toward real-world deployment.",https://x.com/nurvai_ai/status/2033897700811223120,193,1,4,0,0,0,0,0,2,1,0,0,0
2032454292460683462,"Fri, Mar 13, 2026","@sundayrobotics Exciting direction. Moving from carefully staged demos to robots operating in real homes is a huge step for the field. Real-world household environments are incredibly diverse, and scaling the data needed to handle that variability will be key.",https://x.com/nurvai_ai/status/2032454292460683462,258,0,1,0,0,0,0,0,1,0,0,0,0
2032451439876853886,"Fri, Mar 13, 2026",@ToanNguyenCS Really interesting direction. Conditioning on why an action is taken instead of just the trajectory seems important for disambiguating demonstrations in complex tasks. Approaches like this also highlight how valuable rich demonstration data can be when it captures not just,https://x.com/nurvai_ai/status/2032451439876853886,87,1,3,0,0,0,0,0,2,0,0,0,0
2032450049087566174,"Fri, Mar 13, 2026",@BostonDynamics @fieldai_ Great to see this. Dynamic environments like construction sites are a real proving ground for autonomy. Scaling real-world robot interaction data will be critical for systems operating in spaces like these. Always happy to connect if more data is useful.,https://x.com/nurvai_ai/status/2032450049087566174,106,2,2,0,0,0,0,0,0,0,0,0,0
2032445673824498053,"Fri, Mar 13, 2026",@KostasPenn Very cool approach. Injecting perception guidance directly into the generative process of a VLA policy seems like a clean way to make policies more modular. Decoupling perception improvements from policy retraining could make iteration much faster.,https://x.com/nurvai_ai/status/2032445673824498053,371,2,7,0,0,0,0,0,2,3,0,0,0
2032098911796548011,"Thu, Mar 12, 2026",This weeks #NurvaiPaperOfTheWeek got us thinking: How do you see egocentric human data fitting into future robotics training pipelines,https://x.com/nurvai_ai/status/2032098911796548011,97,0,6,0,0,0,0,0,1,4,0,0,0
2032091338959700250,"Thu, Mar 12, 2026","@shashuo0104 Very cool work. Fine-grained teleop is notoriously difficult, especially when trying to collect consistent demonstrations. A residual copilot that improves control while generating higher-quality data for imitation learning seems like a very promising direction.",https://x.com/nurvai_ai/status/2032091338959700250,87,1,4,0,0,0,0,0,2,1,0,0,0
2032090360080486804,"Thu, Mar 12, 2026","@allen_ai Really interesting results. One thing that stood out in the scaling plot is how much more strongly performance improves with real-world data compared to simulation. Simulation clearly helps with coverage and experimentation, but the scaling trend suggests real-world data still",https://x.com/nurvai_ai/status/2032090360080486804,327,3,6,2,0,0,0,0,1,2,0,0,0
2032085623935209807,"Thu, Mar 12, 2026","@rsasaki0109 Interpretability is one of the most underrated aspects of machine learning. Tools like this are really valuable for understanding how VLA models connect vision, language, and action internally. Will the full release be open source?",https://x.com/nurvai_ai/status/2032085623935209807,99,0,2,0,0,0,0,0,0,2,0,0,0
2032083094635757847,"Thu, Mar 12, 2026",@ShuoYangAIR Interesting direction. Using video diffusion to model spatiotemporal dynamics before mapping to actions feels like a natural way to give robot policies stronger physical priors. Curious to see how this holds up in broader real-world settings.,https://x.com/nurvai_ai/status/2032083094635757847,596,2,11,0,0,0,0,0,5,4,0,0,0
2031746050625585556,"Wed, Mar 11, 2026","Research like this highlights how data is still a bottleneck for robotics, and how, high quality, interaction rich, egocentric data is one of the most necessary factors to forward robotics development. Read the full article at: https://t.co/q0JWoP6MAc",https://x.com/nurvai_ai/status/2031746050625585556,52,0,10,0,0,0,0,0,1,1,8,0,0
2031746049593709009,"Wed, Mar 11, 2026","They also integrate PhysBrain into a robotic manipulation benchmark (SimplerEnv). The model achieves a 53.9% task success rate, suggesting that structured egocentric human data can meaningfully improve robot learning without relying on massive amounts of expensive robot",https://x.com/nurvai_ai/status/2031746049593709009,69,0,1,0,0,0,1,0,0,0,0,0,0
2031746048406745579,"Wed, Mar 11, 2026","To evaluate the approach, the authors test PhysBrain on EgoThink, a benchmark focused on egocentric physical reasoning and planning. Compared to standard VLMs, PhysBrain shows strong improvements on tasks that require understanding hand-object interactions and multi-step actions,",https://x.com/nurvai_ai/status/2031746048406745579,10,0,1,0,0,0,1,0,0,0,0,0,0
2031746047207145779,"Wed, Mar 11, 2026","From this pipeline, the authors construct a dataset called E2E-3M, containing ~3M supervision samples derived from egocentric human video. They then train PhysBrain, a VLM designed to better capture physical interactions from a first-person perspective. Rather than only learning",https://x.com/nurvai_ai/status/2031746047207145779,17,0,1,0,0,0,1,0,0,0,0,0,0
2031746046116692253,"Wed, Mar 11, 2026","The pipeline makes it so that Instead of feeding raw egocentric video directly into the model, the pipeline converts human first-person activity into structured supervision signals that better align with robotic action spaces. This process extracts interaction information and",https://x.com/nurvai_ai/status/2031746046116692253,10,0,1,0,0,0,1,0,0,0,0,0,0
2031746045122621818,"Wed, Mar 11, 2026","Egocentric human data, however, is not free of issues. Using it raw is hard because it can often times be messy and not aligned to the latent domain of actions as represented by the robot. Thus the authors propose an Egocentric2Embodiment pipeline that enables models to learn",https://x.com/nurvai_ai/status/2031746045122621818,8,0,1,0,0,0,1,0,0,0,0,0,0
2031746044115964394,"Wed, Mar 11, 2026","A solution to this problem is potentially training on robot data, however, that is not very scalable as robot data is expensive, slow and generates limited diversity. Then the most feasible solution is egocentric human data.",https://x.com/nurvai_ai/status/2031746044115964394,21,0,1,0,0,0,1,0,0,0,0,0,0
2031746043168149999,"Wed, Mar 11, 2026","This mismatch results in models that have trouble with object-hand interactions, action planning and physical reasoning. This is commonly known as the viewpoint mismatch problem.",https://x.com/nurvai_ai/status/2031746043168149999,8,0,1,0,0,0,1,0,0,0,0,0,0
2031746042253791579,"Wed, Mar 11, 2026","VLMs are a foundational component of VLAs, providing the visual understanding and semantic grounding needed for action. However, most VLMs are trained on large-scale internet data that predominantly reflects third-person viewpoints. This creates a mismatch with robotic perception",https://x.com/nurvai_ai/status/2031746042253791579,21,1,2,0,0,0,1,0,0,0,0,0,0
2031746041251258506,"Wed, Mar 11, 2026","TL; DR Most Vision-Language Models are trained on third-person internet data, while robots perceive the world egocentrically, creating a viewpoint mismatch that hurts physical reasoning and manipulation. The paper introduces PhysBrain, trained on 3M structured samples derived",https://x.com/nurvai_ai/status/2031746041251258506,30,1,2,0,0,0,1,0,0,0,0,0,0
2031746039347048553,"Wed, Mar 11, 2026","This week @nurvai_ai, for our ##NurvaiPaperOfTheWeek, we read PhysBrain: Human Egocentric Data as a Bridge from Vision Language Models to Physical Intelligence Here's what we've learnt from it: 👇🧵 https://t.co/jxXW89pUX4",https://x.com/nurvai_ai/status/2031746039347048553,96,2,12,0,0,0,1,0,1,7,0,1,0
2031729735798309015,"Wed, Mar 11, 2026","@ManusMeta Great to see more tools focused on capturing high-quality dexterous manipulation data. Human demonstrations remain a powerful signal for complex hand-object interactions. We won’t be at GTC this time, but looking forward to seeing how this progresses.",https://x.com/nurvai_ai/status/2031729735798309015,37,1,4,0,0,0,0,0,2,1,0,0,0
2031728484427481205,"Wed, Mar 11, 2026",@startupjag @rhoda_ai_ This new foundation model looks really interesting. Framing robot policies as a video generation problem rather than pure action prediction is a really smart approach. Props to you guys!,https://x.com/nurvai_ai/status/2031728484427481205,144,0,0,0,0,0,0,0,0,0,0,0,0
2031725870377795632,"Wed, Mar 11, 2026",@rhoda_ai_ Smart way to tackle the data and memory challenges in robot learning. Web-scale video can provide strong priors before real-world interaction data takes over.,https://x.com/nurvai_ai/status/2031725870377795632,177,0,1,0,0,0,0,0,0,1,0,0,0
2031723910434083148,"Wed, Mar 11, 2026",@LihanZha Cross-embodiment transfer is still one of the biggest gaps for generalist robot policies. Aligning action representations with language is an interesting direction for making policies less tied to a specific morphology.,https://x.com/nurvai_ai/status/2031723910434083148,30,0,1,0,0,0,0,0,1,0,0,0,0
2031404281224397279,"Tue, Mar 10, 2026","This week at Nurvai we’d like to highlight Guangqi Jiang as our Researcher of the Week. Really exciting work on cross-embodiment learning. Approaches like this could be key for scaling robot datasets. For the us, it also highlights the exciting possibility that datasets may",https://x.com/nurvai_ai/status/2031404281224397279,615,5,26,0,0,1,0,4,9,7,0,0,0
2031370651076845762,"Tue, Mar 10, 2026",@robotsdigest A strong correlation between the world model is a step in the right direction. Tolls like this one are what will help real robots deploy,https://x.com/nurvai_ai/status/2031370651076845762,12,0,0,0,0,0,0,0,0,0,0,0,0
2031368363117597042,"Tue, Mar 10, 2026","@WevolverApp Cleaning seems simple until you try to get a robot to do it. Wet surfaces, clutter, switching tools, using chemicals, interacting with fixtures, a lot of small edge cases everywhere. Curious how much of this Loki can actually handle reliably in real environments.",https://x.com/nurvai_ai/status/2031368363117597042,28,1,1,0,0,0,0,0,0,0,0,0,0
2031366758632710519,"Tue, Mar 10, 2026",@StanfordAILab Interesting direction. Getting VLM agents to actually build internal world models instead of just reacting token-by-token feels like a big step for embodied and visual reasoning. How does VAGEN handle long-horizon state consistency?,https://x.com/nurvai_ai/status/2031366758632710519,87,1,2,0,0,0,0,0,1,0,0,0,0
2031360904198033838,"Tue, Mar 10, 2026",@laneburgett This is genuinely amazing. A system like this could really help reduce construction costs while also reducing the risk to human lives. Achieving this with only 200 trajectories is absolutely crazy. If you're interested in getting some more feel free to contact us,https://x.com/nurvai_ai/status/2031360904198033838,208,0,2,0,0,0,0,0,2,0,0,0,0
2031004684467536037,"Mon, Mar 9, 2026","@askalphaxiv Interesting result. If pretrained VLAs really act as stable priors, continual learning in robotics becomes much more practical. Positive backward transfer is especially intriguing.",https://x.com/nurvai_ai/status/2031004684467536037,36,0,2,0,0,0,0,0,2,0,0,0,0
2031003152820973794,"Mon, Mar 9, 2026","@robertorobotics Insertion tasks are notoriously sensitive to perception quality. The added Z-axis camera should help with alignment and depth cues. Curious to see how much it improves performance. If you ever find yourself needing more robotics interaction data, feel free to reach out.",https://x.com/nurvai_ai/status/2031003152820973794,32,0,0,0,0,0,0,0,0,0,0,0,0
2030998223205085284,"Mon, Mar 9, 2026",@NVIDIARobotics This is a great use case for AI. Systems that monitor plant health and allocate resources precisely can make agriculture far more efficient while freeing people to focus on higher-level work. Nicely done.,https://x.com/nurvai_ai/status/2030998223205085284,179,0,1,0,0,0,0,0,1,0,0,0,0
2030996895829479536,"Mon, Mar 9, 2026","@IlirAliu_ @foundation_robo Good reminder that locomotion starts with proprioception. If the robot can stabilize without vision, the control policy is doing the heavy lifting.",https://x.com/nurvai_ai/status/2030996895829479536,22,0,2,0,0,0,0,0,0,2,0,0,0
2029913954483347577,"Fri, Mar 6, 2026","@huihan_liu Surprising but encouraging. If pretrained VLAs retain prior skills while adapting to new ones, continual learning for robots becomes much more viable.",https://x.com/nurvai_ai/status/2029913954483347577,123,2,3,0,0,0,0,0,0,1,0,0,0
2029910455842447362,"Fri, Mar 6, 2026","@stepjamUK The point about sensor desynchronization is important. When RGB, depth, and joint states don’t correspond to the same instant, the planner is reasoning over a world state that never actually existed.",https://x.com/nurvai_ai/status/2029910455842447362,41,0,0,0,0,0,0,0,0,0,0,0,0
2029909729024024685,"Fri, Mar 6, 2026","@zeonsystems A good reminder that precision tasks are often limited by calibration, not planning. When perception and kinematics are aligned properly, many “impossible” manipulations suddenly become tractable.",https://x.com/nurvai_ai/status/2029909729024024685,36,0,1,0,0,0,0,0,1,0,0,0,0
2029909251536130088,"Fri, Mar 6, 2026",@lukas_m_ziegler @DexterityRobots Systems like this show how much robotics benefits from real-world scale. 100M+ placements means the model has actually seen the edge cases that make warehouse manipulation hard. That kind of operational data is a serious advantage.,https://x.com/nurvai_ai/status/2029909251536130088,57,0,0,0,0,0,0,0,0,0,0,0,0
2029569295194185936,"Thu, Mar 5, 2026",Teleoperation of Dual-Arm Manipulators via VR Interfaces: A Framework Integrating Simulation and Real-World Control got us thinking: What will matter most for scaling VR teleoperation in robotics?,https://x.com/nurvai_ai/status/2029569295194185936,76,1,10,0,0,0,0,0,2,5,0,0,0
2029552320954917318,"Thu, Mar 5, 2026",@WevolverApp High-quality human motion data is an underrated resource for robotics. Translating natural human movement into robot control can accelerate both learning and deployment.,https://x.com/nurvai_ai/status/2029552320954917318,27,1,1,0,0,0,0,0,0,0,0,0,0
2029549808076099787,"Thu, Mar 5, 2026",@NickBuilds11 @sourccey Generalizing from round fellas to non-round fellas is great!,https://x.com/nurvai_ai/status/2029549808076099787,54,2,5,0,0,0,0,0,0,3,0,0,0
2029547057367613765,"Thu, Mar 5, 2026","@drmapavone This is a nice framing of the problem. If policies propose actions and a verifier allocates compute to reasoning at deployment, you effectively turn inference into a search process over behaviors. That could be a powerful scaling path.",https://x.com/nurvai_ai/status/2029547057367613765,42,0,0,0,0,0,0,0,0,0,0,0,0
2029545717547593771,"Thu, Mar 5, 2026",@ToruO_O This is great. Thinking in terms of human preference in a task like this seems like the right approach. To have achieved 90% success rate with only 50~200 trajectories is crazy!,https://x.com/nurvai_ai/status/2029545717547593771,66,1,4,0,0,0,0,0,2,1,0,0,0
2029190272018415801,"Wed, Mar 4, 2026","@zeonsystems This is the right application. Offload the repetitive lab work, increase experimental velocity, let researchers focus on insight instead of logistics.",https://x.com/nurvai_ai/status/2029190272018415801,107,0,0,0,0,0,0,0,0,0,0,0,0
2029188900288139425,"Wed, Mar 4, 2026",@IlirAliu_ Reward models don’t fail because they’re small. They fail because they’re narrow. Training across embodiments and learning from failures instead of just successes is the right scaling axis. Zero-shot reward transfer is a big deal if it holds up.,https://x.com/nurvai_ai/status/2029188900288139425,47,1,1,0,0,0,0,0,0,0,0,0,0
2029188154511536560,"Wed, Mar 4, 2026","@Haoyang1i This is a great development. Abstract knowledge of physics only goes so far when the actual object–surface dynamics are unknown. Work like this makes it clear how critical rich, interaction-heavy data is for grounding and adaptation. If you ever need more of that kind of data,",https://x.com/nurvai_ai/status/2029188154511536560,48,1,3,0,0,0,0,0,2,0,0,0,0
2029185891399315659,"Wed, Mar 4, 2026",@physical_int This is genius. Split memory into short-term visual state and long-term semantic abstraction. That’s what actually makes long-horizon tasks workable. More VLAs need this.,https://x.com/nurvai_ai/status/2029185891399315659,980,12,21,2,0,1,0,0,3,5,0,0,0
2028849198532071527,"Tue, Mar 3, 2026",Open-sourcing full whole-body teleop pipelines is a big deal. Lowering the barrier to high-quality control stacks is how we accelerate experimentation and real-world deployment. Huge win for the community.,https://x.com/nurvai_ai/status/2028849198532071527,121,3,4,0,0,0,0,0,0,1,0,0,0
2028841448733339752,"Tue, Mar 3, 2026","@jamesvgingerich This is a really good deployment, it shows how complex tasks can be achieved easily by robots.",https://x.com/nurvai_ai/status/2028841448733339752,19,1,2,0,0,0,0,0,0,1,0,0,0
2028831956541042970,"Tue, Mar 3, 2026",@snasiriany Congrats on your PhD and RoboCasa365! This is a serious contribution that will lead to great progress in the field. 600+ hours of teleop data in a controlled benchmarking framework highlights how central high-quality data has become for pushing generalist policies forward.,https://x.com/nurvai_ai/status/2028831956541042970,68,0,0,0,0,0,0,0,0,0,0,0,0
2028824381951037767,"Tue, Mar 3, 2026","@realHongyu_Wang A fully native 1-bit VLA is a bold move. If performance holds up at that level of compression, this could meaningfully change the efficiency curve for real-world robot deployment. Very cool work.",https://x.com/nurvai_ai/status/2028824381951037767,101,1,5,0,0,0,0,0,4,0,0,0,0
2028822983968743686,"Tue, Mar 3, 2026",@BoWang87 This is a great example of agent frameworks escaping the lab. Same core system running from phone to humanoid. That kind of portability is powerful. Open source makes it even better.,https://x.com/nurvai_ai/status/2028822983968743686,623,3,4,1,0,0,0,0,0,1,0,0,0
2028514492036882847,"Mon, Mar 2, 2026","Research like this reinforces why high-quality teleoperation data matters. Immersive VR systems don’t just enable control, they generate rich, human-guided demonstrations that can be leveraged to train and evaluate robotic manipulation models, especially for complex bimanual",https://x.com/nurvai_ai/status/2028514492036882847,54,0,2,0,0,0,0,0,0,0,2,0,0
2028514490887618650,"Mon, Mar 2, 2026","Despite these limits, users reported strong presence and comfort. Operators adapted to occlusions and complex bimanual coordination over time, suggesting that intuitive VR interfaces can scale even under high visual and cognitive load.",https://x.com/nurvai_ai/status/2028514490887618650,44,0,1,0,0,0,1,0,0,0,0,0,0
2028514489998385516,"Mon, Mar 2, 2026","A key insight is the trade-off between visual density and latency. Denser point clouds improve perception but push end-to-end latency closer to safety limits, highlighting constraints when operating beyond high-speed local networks.",https://x.com/nurvai_ai/status/2028514489998385516,9,0,1,0,0,0,1,0,0,0,0,0,0
2028514488324907348,"Mon, Mar 2, 2026","The system was evaluated through both technical benchmarks and a user study. Results show high frame rates and low rendering performance under local network conditions, validating the feasibility of immersive VR for dual-arm teleoperation.",https://x.com/nurvai_ai/status/2028514488324907348,18,0,1,0,0,0,1,0,0,0,0,0,0
2028514486869434812,"Mon, Mar 2, 2026","The paper proposes a system that uses a modular VR setup with a middleware layer and a digital twin augmented by real-time point clouds, improving perception and enabling a unified interface for both simulated and real dual-arm teleoperation.",https://x.com/nurvai_ai/status/2028514486869434812,11,0,1,0,0,0,1,0,0,0,0,0,0
2028514485955154164,"Mon, Mar 2, 2026","Conventional teleoperation platform suffer from a couple of issues, the main ones being limited depth perception, restricted situational awareness, and non-intuitive control schemes. These limitations can lead to reduced tsk performance and operator fatigue when dealing with",https://x.com/nurvai_ai/status/2028514485955154164,14,0,1,0,0,0,1,0,0,0,0,0,0
2028514484550017298,"Mon, Mar 2, 2026","Teleoperation systems allow humans to remotely operate robots, a key capability that has enabled robotics to seep into fields like medicine, disaster response, and underwater exploration. This systems also enhance safety and operational efficiency.",https://x.com/nurvai_ai/status/2028514484550017298,13,0,1,0,0,0,1,0,0,0,0,0,0
2028514483467927756,"Mon, Mar 2, 2026","TL; DR VR-based teleoperation enables intuitive, high-fidelity dual-arm robot control, but exposes trade-offs between perception and latency. Beyond control, these systems are a powerful source of scalable human demonstration data for robot training.",https://x.com/nurvai_ai/status/2028514483467927756,18,0,1,0,0,0,1,0,0,0,0,0,0
2028514482297635173,"Mon, Mar 2, 2026","This week @nurvai_ai we read: Teleoperation of Dual-Arm Manipulators via VR Interfaces: A Framework Integrating Simulation and Real-World Control Here's what we've learnt from it (Imágen) #AI #Robotics #Teleoperation #Datasets (Image source: A. Torrejón et al., Electronics https://t.co/Pe4Stx1a2z",https://x.com/nurvai_ai/status/2028514482297635173,83,4,13,0,0,0,1,0,3,5,0,0,0
2028463693554430382,"Mon, Mar 2, 2026","@robotsdigest @nvidia This result really reinforces that dexterous robot learning is fundamentally a data problem. Scaling high-quality, well-aligned egocentric human data is what unlocks predictable gains. This is exactly why investing in how data is captured, structured, and verified matters as much",https://x.com/nurvai_ai/status/2028463693554430382,27,0,2,0,0,0,1,0,0,1,0,0,0
2028462114948423893,"Mon, Mar 2, 2026",@DJiafei This is a really elegant idea. Reading progress directly from token logits instead of training a separate reward model feels like a clean way to leverage what VLMs already know. Nice work.,https://x.com/nurvai_ai/status/2028462114948423893,86,1,4,0,0,0,1,0,2,0,0,0,0
2028460599122723049,"Mon, Mar 2, 2026","@AgilexRobotics @nyuniversity Building a platform like this at a ~$10k BOM is huge. Accessibility is critical for the future of robotics, and projects like this meaningfully lower the barrier to entry. Congrats on the design!",https://x.com/nurvai_ai/status/2028460599122723049,102,0,2,0,0,0,0,0,1,1,0,0,0
2028459567969865789,"Mon, Mar 2, 2026","@JerryHan_og Data alignment is one of the trickiest parts of the data collection pipeline. A tool like this is a great way to catch subtle misalignments and ensure the data isn’t just usable, but genuinely high quality. Great work.",https://x.com/nurvai_ai/status/2028459567969865789,50,1,2,0,0,0,0,0,1,0,0,0,0
2027430179501379923,"Fri, Feb 27, 2026",What are your thoughts on using tool-based tasks to advance robotic learning? 🤖,https://x.com/nurvai_ai/status/2027430179501379923,38,0,0,0,0,0,0,0,0,0,0,0,0
2027430177681146289,"Fri, Feb 27, 2026","The use of tongs adds a layer of complexity designed to improve generalization across both dexterous and gripper-style platforms and by tracking the operator's hand movements with high fidelity, we can apply inverse kinematics to determine precise joint states.",https://x.com/nurvai_ai/status/2027430177681146289,44,0,1,0,0,0,1,0,0,0,0,0,0
2027430175671988650,"Fri, Feb 27, 2026",A key challenge in modern robotics is developing systems that can effectively generalize from human demonstrations. So here we have a snippet of how we apply what we learn at @nurvai_ai that helps push through this issue. This video shows an episode of a task we designed based https://t.co/ZG7SIKPaDw,https://x.com/nurvai_ai/status/2027430175671988650,70,5,10,0,1,0,1,0,1,3,0,0,0
2027392228117586107,"Fri, Feb 27, 2026","@RoboX_to Learning from humans makes sense. Intent is embedded in every movement, and at @nurvai_ai we focus on capturing that intent through high-quality egocentric data to help train better robots.",https://x.com/nurvai_ai/status/2027392228117586107,27,0,0,0,0,0,0,0,0,0,0,0,0
2027387948665045341,"Fri, Feb 27, 2026",@seo_minjoon Congrats on the milestone. Scaling high-quality VLA data is clearly a big unlock for general-purpose bimanipulation. Excited to see what becomes possible as datasets continue to grow in quality and diversity.,https://x.com/nurvai_ai/status/2027387948665045341,69,0,1,0,0,0,0,0,1,0,0,0,0
2027377524171284846,"Fri, Feb 27, 2026","@ojmichel4 Using Minecraft and the MMORPG framing were really smart choices. The model’s ability to produce synchronized world events like shared rain, along with the improved PvP sequences, is a great demonstration of a learned shared world state. Congrats to you and the team!",https://x.com/nurvai_ai/status/2027377524171284846,542,0,0,0,0,0,0,0,0,0,0,0,0
2027373979338473795,"Fri, Feb 27, 2026",@NVIDIARobotics @huggingface This is great to see. The ability to run the VLM on edge hardware will really help push the industry forward by lowering the barrier to entry. Well done Nvidia!,https://x.com/nurvai_ai/status/2027373979338473795,146,0,1,0,0,0,0,0,1,0,0,0,0
2027027973224714469,"Thu, Feb 26, 2026",@AnselDias @norma_core_dev That's a really slick design!,https://x.com/nurvai_ai/status/2027027973224714469,172,3,3,0,0,0,0,0,0,0,0,0,0
2027027153552908397,"Thu, Feb 26, 2026","@chelseabfinn @corl_conf Data is the real constraint. If policies can learn across heterogeneous robot platforms, that’s a practical way to increase diversity without waiting to scale a single hardware stack.",https://x.com/nurvai_ai/status/2027027153552908397,15,0,0,0,0,0,0,0,0,0,0,0,0
2027016895979741429,"Thu, Feb 26, 2026","@DrJimFan The scaling result is the most interesting part here. If human egocentric data volume reliably predicts real-robot success, that’s a strong argument for treating humans as the primary source of diversity rather than trying to scale robot-only data.",https://x.com/nurvai_ai/status/2027016895979741429,550,0,2,0,0,1,0,0,1,0,0,0,0
2027013400304193982,"Thu, Feb 26, 2026","@ccloy @DRAVEN_ALG @TheYihangLuo @KangLiao929 Using simpler, well-motivated components on top of strong pretrained models seems like a great way to improve performance while keeping compute and complexity in check. The emphasis on clean design choices over architectural tricks is especially compelling. Well done!",https://x.com/nurvai_ai/status/2027013400304193982,226,3,12,0,0,0,0,0,4,5,0,0,0
2026678266090627504,"Wed, Feb 25, 2026","Really interesting insights. VLA scaling and optimization may not only come from larger or better policies, but also from better verifiers. Curious to see how performance changes as the training dataset scales.",https://x.com/nurvai_ai/status/2026678266090627504,91,1,3,0,0,0,0,0,1,1,0,0,0
2026675764888760410,"Wed, Feb 25, 2026",@svlevine @weaverobotics @Ultraroboticsco Interesting to see this deployed at scale. Real-world rollouts like this are what actually test whether these systems hold up beyond demos.,https://x.com/nurvai_ai/status/2026675764888760410,86,1,2,0,0,0,0,0,1,0,0,0,0
2026674215789773058,"Wed, Feb 25, 2026","@alexanderawolf 44K hours is really just a starting point for such impressive results. More varied and complex interaction data would likely unlock a better behavior. We’re gradually building in that direction at @nurvai_ai. If this interests you, you're welcome to explore it and get in touch.",https://x.com/nurvai_ai/status/2026674215789773058,18,0,2,0,0,0,0,0,2,0,0,0,0
2026655142829809991,"Wed, Feb 25, 2026","@kushalk_ Interesting work. Abstracting tools down to a handle and focusing on pose reachability feels like an intuitive path toward generalization. How does this hold up on interactions that rely more heavily on tool specific dynamics, like prying or cutting?",https://x.com/nurvai_ai/status/2026655142829809991,100,0,0,0,0,0,0,0,0,0,0,0,0
2026651020453917040,"Wed, Feb 25, 2026",@LiorOnAI Large-scale motion data seems to remove a lot of hand-engineering from control. The interesting question is how well this carries over once tasks require more than reproducing motion.,https://x.com/nurvai_ai/status/2026651020453917040,63,0,0,0,0,0,0,0,0,0,0,0,0
2026341016257589623,"Tue, Feb 24, 2026","Taken together, these results point to a broader theme: progress in world models and embodied AI is increasingly constrained not by architectures, but by the availability of diverse, high-quality data that reflects how the world is actually experienced. Check the full article",https://x.com/nurvai_ai/status/2026341016257589623,51,0,3,0,0,0,0,0,0,2,1,0,0
2026341013590024396,"Tue, Feb 24, 2026","The authors also report a strong correlation between success rates in the world model and those of the real platform, with a Pearson correlation score of 0.995. (Figure from DreamDojo, Lin et al., CC BY) https://t.co/V28SVkbxUc",https://x.com/nurvai_ai/status/2026341013590024396,72,0,1,0,0,0,1,0,0,0,0,0,0
2026341011471909149,"Tue, Feb 24, 2026","In human preference evaluations on out-of-distribution scenarios, DreamDojo models are consistently preferred over Cosmos-Predict2.5 in both physics correctness and action following, with DreamDojo-14B showing the strongest gains.",https://x.com/nurvai_ai/status/2026341011471909149,14,0,1,0,0,0,1,0,0,0,0,0,0
2026341008988885297,"Tue, Feb 24, 2026","DreamDojo tackles this by relying on large-scale egocentric data. Although this creates a gap between observed actions and robot execution, the tradeoff is access to far more diverse environments, goals, and behaviors at a scale that’s hard to achieve with robot-only data. https://t.co/XmA903MII2",https://x.com/nurvai_ai/status/2026341008988885297,15,0,2,0,0,0,1,0,0,1,0,0,0
2026341006203920776,"Tue, Feb 24, 2026",While world models present a great solution to the risk problem a lot of them struggle to capture the nuances of real-world physics and object interactions. This gap exists mainly due to a lack of diversity in intentions and interactions that comes from using expert,https://x.com/nurvai_ai/status/2026341006203920776,9,0,1,0,0,0,1,0,0,0,0,0,0
2026341004278673793,"Tue, Feb 24, 2026","Evaluation has always been a bottleneck in robotics. Testing models often means running them on real hardware, where failures risk damaging the platform and incurring real cost. World models emerged to reduce that risk by allowing policies to be tested before deployment.",https://x.com/nurvai_ai/status/2026341004278673793,17,0,2,0,0,0,1,0,1,0,0,0,0
2026341002668122236,"Tue, Feb 24, 2026","TL;DR: Evaluating robots on real hardware is risky and costly, so world models are essential, but many fail to generalize because they’re trained on narrow expert data. DreamDojo shows that large-scale egocentric data, despite its imperfections, provides the diversity needed to",https://x.com/nurvai_ai/status/2026341002668122236,24,0,1,0,0,0,1,0,0,0,0,0,0
2026341000017285391,"Tue, Feb 24, 2026","This week at @nurvai_ai we read DreamDojo: A Generalist Robot World Model from Large-Scale Human Videos. The paper outlines the creation of a new world model trained on 44K hours of egocentric human data. Here's why it matters 🧵 (Figure from DreamDojo, Lin et al. , CC BY) https://t.co/EyeuQ4qmKn",https://x.com/nurvai_ai/status/2026341000017285391,104,3,16,0,0,0,1,0,1,9,0,0,0
2026315281484673302,"Tue, Feb 24, 2026","@Ronald_vanLoon @IntEngineering Taking humans out of dangerous situations is one of the clearest wins for robotics. If that means deploying the Mecha Paw Patrol to fires and disaster zones, that’s a trade I’m happy to make.",https://x.com/nurvai_ai/status/2026315281484673302,24,1,2,0,0,0,0,0,1,0,0,0,0
2026310757709734371,"Tue, Feb 24, 2026",@mimicrobotics @AudiOfficial Complex tasks require a lot of dexterity and control. Your platform and and model combination seems like a really good deployment tool for such tasks to be automatized . Congrats,https://x.com/nurvai_ai/status/2026310757709734371,566,4,12,0,0,0,0,0,5,3,0,0,0
2026302963229057379,"Tue, Feb 24, 2026",@ShenyuanGao World models are key in pushing Embodied AI as they provide a way to test new developments without risking expensive hardware. @nurvai_ai we understand that works like this are enabled through real world data and aim to assist in providing it.,https://x.com/nurvai_ai/status/2026302963229057379,119,2,16,0,0,0,1,0,4,9,0,0,0
2026301887431971300,"Tue, Feb 24, 2026","@lukas_m_ziegler @ycombinator The emphasis on variability and short deployment cycles makes sense for 3PLs. If a system can handle changing SKUs and layouts without constant retraining or retooling, that’s where automation becomes viable beyond large, stable operators.",https://x.com/nurvai_ai/status/2026301887431971300,95,1,5,0,0,0,0,0,1,3,0,0,0
2025989947115905240,"Mon, Feb 23, 2026","@Ronald_vanLoon @murasametech It's cool that it was built with minimal electronics, but the real question is: Can you pet it?",https://x.com/nurvai_ai/status/2025989947115905240,21,0,0,0,0,0,0,0,0,0,0,0,0
2025986496147435585,"Mon, Feb 23, 2026","@Ronald_vanLoon @ZappyZappy7 Understanding the real world is one of the most important things for deployment, and a task like that can only be achieved through meaningful amounts of real world data with diverse object interactions.",https://x.com/nurvai_ai/status/2025986496147435585,21,0,1,0,0,0,0,0,0,1,0,0,0
2025985346069299248,"Mon, Feb 23, 2026",@FuEnYang1 Reducing reasoning latency without dropping planning depth feels like a meaningful direction for embodied agents. Fast internal reasoning is likely a prerequisite for real-time interaction outside lab settings. Congrats on the CVPR acceptance.,https://x.com/nurvai_ai/status/2025985346069299248,132,2,6,0,0,0,0,0,0,4,0,0,0
2025970610736881718,"Mon, Feb 23, 2026",@IlirAliu_ Predictive decision making rather than reactive is a great development for embodied AI. Predictions could make it more deployable as failure risks get reduced. Props to them for this development,https://x.com/nurvai_ai/status/2025970610736881718,180,0,2,0,0,0,0,0,1,1,0,0,0
2024844892443160943,"Fri, Feb 20, 2026",@Ronald_vanLoon @IntEngineering So fast!,https://x.com/nurvai_ai/status/2024844892443160943,24,0,0,0,0,0,0,0,0,0,0,0,0
2024842646636675528,"Fri, Feb 20, 2026","@cheryyun_l This feels like an important benchmark for embodied spatial intelligence. It also highlights how important diverse, real-world data is to close gaps like this one on spatial memory.",https://x.com/nurvai_ai/status/2024842646636675528,63,0,1,0,0,0,0,0,1,0,0,0,0
2024839944930230420,"Fri, Feb 20, 2026",@zhengyiluo Great to see whole-body teleoperation pipelines being open-sourced. Making these tools accessible is an important step for reproducibility and broader adoption. Looking forward to following the updates.,https://x.com/nurvai_ai/status/2024839944930230420,395,0,0,0,0,0,0,0,0,0,0,0,0
2024835985284989404,"Fri, Feb 20, 2026","@DJiafei Connecting the robotics AI problem to LLMs and following similar procedures seems intuitively like a good choice. Generalizability and robust reasoning are key factors in scaling these systems, and this looks like a good step forwards. Excited to see the full release",https://x.com/nurvai_ai/status/2024835985284989404,79,0,1,0,0,0,0,0,1,0,0,0,0
2024617728502378728,"Thu, Feb 19, 2026","@Tristan0x @UnitreeRobotics Inspiring story. Physical intelligence is the next revolution. The data for robots is as important as the models. @nurvai_ai we work hard to become one of the leading data farms, providing high-quality data to improve robotics models.",https://x.com/nurvai_ai/status/2024617728502378728,766,0,3,0,0,0,0,0,1,2,0,0,0
2024613612954743292,"Thu, Feb 19, 2026","@Ronald_vanLoon @Fabriziobustama As much as we believe robots are the future of everyday life, do you really see women trusting a $20,000 metal blender with their beautiful hair? 😆",https://x.com/nurvai_ai/status/2024613612954743292,47,0,7,0,0,0,2,0,0,5,0,0,0
2024510762178240795,"Thu, Feb 19, 2026",This is exactly the kind of direction we're excited about at Nurvai Paper here: https://t.co/T8Z91xOpRZ,https://x.com/nurvai_ai/status/2024510762178240795,66,1,7,0,0,0,0,0,1,1,4,0,0
2024510760722796907,"Thu, Feb 19, 2026",We just read “EgoBridge: Domain Adaptation for Generalizable Imitation from Egocentric Human Data” which shows us a very important step forward for robotics and embodied AI. They report a 44% improvement over human augmented cross-embodiment baselines. This could meaningfully,https://x.com/nurvai_ai/status/2024510760722796907,79,3,7,0,0,0,1,0,0,3,0,0,0
2024499847592636702,"Thu, Feb 19, 2026",@LorenRD @AgilexRobotics Thanks! Let's keep in touch!,https://x.com/nurvai_ai/status/2024499847592636702,24,0,0,0,0,0,0,0,0,0,0,0,0
2024486018850677097,"Thu, Feb 19, 2026",@bmontxna @faunarobotics Sprout is such a handsome fella.,https://x.com/nurvai_ai/status/2024486018850677097,45,0,0,0,0,0,0,0,0,0,0,0,0
2024485345987862698,"Thu, Feb 19, 2026",@NVIDIAAIDev @ToyotaResearch This is a strong showing for reusable world models. It also highlights the relevance of real world data in order to capture the real world dynamics and variability that makes this model useful.,https://x.com/nurvai_ai/status/2024485345987862698,337,0,3,0,0,0,0,0,2,1,0,0,0
2024479953786388920,"Thu, Feb 19, 2026","@WiYoungsun Congrats! Generalization across embodiments is one of the biggest limits on the usefulness of collected data, so making tactile demos transferable across hardware is a meaningful step forward.",https://x.com/nurvai_ai/status/2024479953786388920,48,1,7,0,0,0,0,0,1,5,0,0,0
2024476965844009135,"Thu, Feb 19, 2026",@robotsdigest This is a really well thought AI design philosophy. No environment can be fully controlled and that makes adaptability in real time one of the most relevant skills a system can have. Great job.,https://x.com/nurvai_ai/status/2024476965844009135,59,0,0,0,0,0,0,0,0,0,0,0,0
2024166476064637358,"Wed, Feb 18, 2026",@LorenRD This is our Cobot Magic (@AgilexRobotics ) - a bi-manual teleops that we use to collect manipulation datasets... Our Valentine activity :) https://t.co/iMm9A7HSMN,https://x.com/nurvai_ai/status/2024166476064637358,28,1,12,0,0,0,1,0,4,6,0,0,0
2024151712789860522,"Wed, Feb 18, 2026",@BostonDynamics Spot would surely make a great office pet. Imagine it bringing u a fresh coffee once yours runs out!,https://x.com/nurvai_ai/status/2024151712789860522,7,0,0,0,0,0,0,0,0,0,0,0,0
2024149474776347064,"Wed, Feb 18, 2026",@stepjamUK @huggingface This insight is really good. It's important to remember that data quality matters as much if not more than the amount of data being produced.,https://x.com/nurvai_ai/status/2024149474776347064,280,1,8,0,0,0,0,0,3,4,0,0,0
2024146392373936550,"Wed, Feb 18, 2026","@IlirAliu_ This is intuitive, but was really well executed. Abstraction in the action space seems like a really efficient way to generalize learning across different platforms. Well done on language encoding",https://x.com/nurvai_ai/status/2024146392373936550,39,0,1,0,0,0,0,0,1,0,0,0,0
2024119143423782948,"Wed, Feb 18, 2026",@chelseabfinn This was a really interesting read. The iterative loop between real world experience and learned world models feels like an important direction for scalable robot learning. Nice reminder of how real world data and synthetic data complement each other.,https://x.com/nurvai_ai/status/2024119143423782948,166,2,7,0,0,0,1,0,1,3,0,0,0
2023892600533782901,"Tue, Feb 17, 2026","@LorenRD Good luck. We have been using Cobot Magic over the last year. If you need our insights, we will be happy to help you...",https://x.com/nurvai_ai/status/2023892600533782901,22,0,4,0,0,0,1,0,3,0,0,0,0
2023890751076307270,"Tue, Feb 17, 2026","@alexanderawolf Working with wearables helps you see fine movements of your body that you never realized you do. We also noticed that when we use end effectors, the pinky is always in the way of the camera. Removing it is unnatural and annoying, but what won't you do for great datasets...",https://x.com/nurvai_ai/status/2023890751076307270,83,1,4,0,0,0,0,0,1,2,0,0,0
2023770336039186580,"Tue, Feb 17, 2026","A cool thing we found this week was the development of a new tactile reactive gripper with 7-DOF. Something like this could help collect tactile information which may prove really useful in order to build safer, friendlier policies. More Info at: https://t.co/qOZ23Z1VQy",https://x.com/nurvai_ai/status/2023770336039186580,115,1,4,0,0,0,0,0,1,0,2,0,0
2023758657880510696,"Tue, Feb 17, 2026","@rerundotio This design philosophy sounds very solid. Reducing the incentive to downsample has the added benefit of retaining more full-fidelity sensor data, which seems like a net positive. Well done.",https://x.com/nurvai_ai/status/2023758657880510696,41,1,3,0,0,0,0,0,0,2,0,0,0
2023456511993733347,"Mon, Feb 16, 2026",FYi: https://t.co/352nvQHmNG 🤖,https://x.com/nurvai_ai/status/2023456511993733347,76,0,7,0,0,0,0,0,0,2,5,0,0
2023456509468856794,"Mon, Feb 16, 2026","We’d like to give a huge thanks to @ziyuwang and the GM100 team for their oustanding reseach on ""The Great March 100"" The paper cited gave us several ideas for improving our task design and upgrading our data pipelines to better support generalizable robot learning. https://t.co/GmAOBtSMmi",https://x.com/nurvai_ai/status/2023456509468856794,115,5,19,0,0,0,1,0,3,9,0,0,0
2023418864760135770,"Mon, Feb 16, 2026","@CobotMy It's great to see a robot built for collaboration, as that is the way you would expect them to work once deployed. Great job guys!",https://x.com/nurvai_ai/status/2023418864760135770,23,1,4,0,0,0,0,0,1,2,0,0,0
2022328781042835505,"Fri, Feb 13, 2026",@UnitreeRobotics It's great to see embodied AI being pushed forwards to the point of large scale deployment being in the horizon. Congrats!,https://x.com/nurvai_ai/status/2022328781042835505,19,0,0,0,0,0,0,0,0,0,0,0,0
2021975056180740286,"Thu, Feb 12, 2026",Interesting new preprint: The Great March 100 proposes a 100 novel tasks that seek to diversify robot learning and improve model generalization. This could meaningfully impact robotics by moving embodied AI past narrow benchmarks. Check it out: https://t.co/352nvQHUDe,https://x.com/nurvai_ai/status/2021975056180740286,85,1,10,0,0,0,0,1,3,5,0,0,0
2021936452381090209,"Thu, Feb 12, 2026",@weaverobotics The rollout of a non-teleoperated home helper is a great sign of the advancement in the field of robotics. Props to you guys!,https://x.com/nurvai_ai/status/2021936452381090209,242,0,0,0,0,0,0,0,0,0,0,0,0
2021607217741349324,"Wed, Feb 11, 2026","This is a really cool development, automation like this can help people with dexterity issues live their daily lives. A world in which data is more available, is a world in which training for this types of tasks becomes faster and results become smoother.",https://x.com/nurvai_ai/status/2021607217741349324,95,0,1,0,0,0,0,0,1,0,0,0,0
2021603883252916233,"Wed, Feb 11, 2026",@faunarobotics This is exactly the right philosophy. Human first designed robots,https://x.com/nurvai_ai/status/2021603883252916233,16,0,0,0,0,0,0,0,0,0,0,0,0
2019417850277163396,"Thu, Feb 5, 2026",@0xDevShah This is literally us.,https://x.com/nurvai_ai/status/2019417850277163396,12,0,0,0,0,0,0,0,0,0,0,0,0